review_body,review_rating
"Setelah mendaki Gunung Batur, sangat cocok melepas lelah di sini di Batur Natural Hotspring. Pemandangan indah ke danau Batur dan gunung Batur. Hanya saja sekarang masih ada perbaikan dan perluasan kolam sehingga kurang nyaman bagi pengunjung.",40
"Terdapat sejumlah pemandian air panas di Bali, sekaligus menawarkan sebuah pemandangan indah yang memanjakan dan memikat mata pengunjungnya, selain bisa menyegarkan tubuh juga menrefresh pikiran anda, melepaskan segala penat, menenggelamkan kejenuhan, sehingga menambah kesegaran tubuh untuk aktifitas berikutnya. Dan salah satu objek pemandian air panas tersebut terletak di desa Toya Bungkah, sebuah mata air alam panas yang keluar di perut bumi yang dimanfaatkan warga untuk terapi tubuh.",50
Saya kesana bersama teman teman untuk menghabiskan waktu liburan. Disana tempatnya sangat asri dan udara pegunungannya sangat segar. Tempatnya sangat ramai dikunjungi wisatawan. Disana saya membeli mujair dan kopi....Sekian dan terimakasih.,50
Pemandangannya bagus sekali. Cocok buat relax. Tapi sayang sekali pelayanan kurang memuaskan. Di bagian tiketing kurang ramah terkesan ketus sekali terlihat dari wajah staf saat melayani pembelian tiket masuk. ,30
Recommended untuk Batur Natural Hot Spring ini..Masih asri dan air panasnya enak buat berendam..Harus dicoba,50
"Tempat yang sangat indah,saya datang bersama keluarga dan menginap di kintamani,Kolam air hangat anak-anak dan dewasa terjaga kebersihannya karena dikuras setiap hari mulai jam 04.00 WITA (saya mendapat info ini dari petugas)Tiket masuk sudah termasuk loker,handuk,dan welcome drink (orange juice)Kamar mandi bilas dan toilet sangat bersih dan tersedia shampooSaya sarankan datang jam 07.00 pagi karena masih sepi sehingga nyaman untuk mengambil photoAir kolam berasal dari mata air alami dan cukup hangat untuk anak-anak dan dewasaTersedia restoran,pijat kesehatan,dan penyewaan perahu dayung untuk mengelilingi danau baturTiket sewa perahu dayung (kapasitas 2 orang) IDR 100000 per jamSaya merekomendasikan anda untuk keliling danau batur dengan menyewa perahuSetelah selesai berenang bisa langsung pijat atau pesan makananAda warung-warung yang menjual makanan,baju serta celana renang di area pintu masuk Cocok untuk keluarga atau pasangan yang ingin liburan romantis",40
Tempat yang cocok sekali untuk relaksasi dan melarikan diri dari rutinitas sehari2.Berendam di kolam air hangat.Tersedia restauran dan fasilitas lain yg memadai.Anak saya tidak mau pulang setiap diajak kesini,50
"meskipun air panasnya tidak terlalu panas, tapi tempat ini menyguhkan pemandangan yang bagus. Tiket masuknya pun tidak terlalu mahal 60.000 rupiah, sudah termasuk handuk, dan welcome drink. Kondisi tempatnya relatif bersih dan terawat.",40
"Aku ada di sana di babak kedua hari ini, ada saat-saat itu hujan. Itu menarik untuk duduk di sumber suhu lebih dari 30 derajat, dan suhu hujan itu dingin. Setelah berenang di istoriko yang sangat baik makan di restoran di lokasi hotel.",50
Suasana nya menyenangkan bikin pikiran fresh setelah berendam dan cocok buat bawa keluarga serta anak anak juga . Harga tiket masuk agak mahal .,50
"Setelah mendaki Gunung Batur, sangat cocok melepas lelah di sini di Batur Natural Hotspring. Pemandangan indah ke danau Batur dan gunung Batur. Hanya saja sekarang masih ada perbaikan dan perluasan kolam sehingga kurang nyaman bagi pengunjung.",40
"Terdapat sejumlah pemandian air panas di Bali, sekaligus menawarkan sebuah pemandangan indah yang memanjakan dan memikat mata pengunjungnya, selain bisa menyegarkan tubuh juga menrefresh pikiran anda, melepaskan segala penat, menenggelamkan kejenuhan, sehingga menambah kesegaran tubuh untuk aktifitas berikutnya. Dan salah satu objek pemandian air panas tersebut terletak di desa Toya Bungkah, sebuah mata air alam panas yang keluar di perut bumi yang dimanfaatkan warga untuk terapi tubuh.",50
Saya kesana bersama teman teman untuk menghabiskan waktu liburan. Disana tempatnya sangat asri dan udara pegunungannya sangat segar. Tempatnya sangat ramai dikunjungi wisatawan. Disana saya membeli mujair dan kopi....Sekian dan terimakasih.,50
Pemandangannya bagus sekali. Cocok buat relax. Tapi sayang sekali pelayanan kurang memuaskan. Di bagian tiketing kurang ramah terkesan ketus sekali terlihat dari wajah staf saat melayani pembelian tiket masuk. ,30
Recommended untuk Batur Natural Hot Spring ini..Masih asri dan air panasnya enak buat berendam..Harus dicoba,50
"Tempat yang sangat indah,saya datang bersama keluarga dan menginap di kintamani,Kolam air hangat anak-anak dan dewasa terjaga kebersihannya karena dikuras setiap hari mulai jam 04.00 WITA (saya mendapat info ini dari petugas)Tiket masuk sudah termasuk loker,handuk,dan welcome drink (orange juice)Kamar mandi bilas dan toilet sangat bersih dan tersedia shampooSaya sarankan datang jam 07.00 pagi karena masih sepi sehingga nyaman untuk mengambil photoAir kolam berasal dari mata air alami dan cukup hangat untuk anak-anak dan dewasaTersedia restoran,pijat kesehatan,dan penyewaan perahu dayung untuk mengelilingi danau baturTiket sewa perahu dayung (kapasitas 2 orang) IDR 100000 per jamSaya merekomendasikan anda untuk keliling danau batur dengan menyewa perahuSetelah selesai berenang bisa langsung pijat atau pesan makananAda warung-warung yang menjual makanan,baju serta celana renang di area pintu masuk Cocok untuk keluarga atau pasangan yang ingin liburan romantis",40
Tempat yang cocok sekali untuk relaksasi dan melarikan diri dari rutinitas sehari2.Berendam di kolam air hangat.Tersedia restauran dan fasilitas lain yg memadai.Anak saya tidak mau pulang setiap diajak kesini,50
"meskipun air panasnya tidak terlalu panas, tapi tempat ini menyguhkan pemandangan yang bagus. Tiket masuknya pun tidak terlalu mahal 60.000 rupiah, sudah termasuk handuk, dan welcome drink. Kondisi tempatnya relatif bersih dan terawat.",40
"Aku ada di sana di babak kedua hari ini, ada saat-saat itu hujan. Itu menarik untuk duduk di sumber suhu lebih dari 30 derajat, dan suhu hujan itu dingin. Setelah berenang di istoriko yang sangat baik makan di restoran di lokasi hotel.",50
Suasana nya menyenangkan bikin pikiran fresh setelah berendam dan cocok buat bawa keluarga serta anak anak juga . Harga tiket masuk agak mahal .,50
"Batur natural hotspring Salah satu tempat wisata di bali bagian utara yang terletak di kawasan kintamani/ gunung batur, wisata disini merupakan wisata air yang khusus untuk berendam air hangat, akses untuk ketempat ini cukup mudah dijangkau dengan menggunakan kendaraan pribadi sekitar 50km dr kota denpasar lebih tepat ny..Biaya masuk 60k untuk wisatawan lokal sudah termasuk handuk, loker, minuman ( juice semangka/ air mineral).Tempat nya cukup nyaman dan tenang,Hanya saja karyawan disini kurang kurang senyum jadi sedikit mengurangi kenyamanan disini.Mungkin saya akan kembali lagi kesini lain waktu..Sampai ketemu lagi BNH..... ☺️",40
"Setelah beberapa hari kami berwisata di Bali, pada ke 5 kami mengunjungi daerah danau Batur Kintamani & disebelah danau batur terdapat fasilitas pemandian kolam air panas / Batur Natural Hot Spring di tempat ini kami memanjakan diri untuk berendam & bermain di kolam air panas selama 2 jam yang membuat tubuh kami bertambah segar & tidurpun menjadi nyenyak",40
"Obyek ini terletak di daerah Kintamani, Bali. Membutuhkan waktu sekitar 3-4 jam menggunakan sepeda motor berboncengan dari daerah Kuta. Sepeda motor dapat disewa seharga 60ribu dari pagi sampai 8 malam. Jika budget mencukupi, akan lebih baik menggunakan mobil, tapi pastikan yang bawa mobil sudah lincah karena jalannya naik turun. Bawa pakaian hangat karena daerah ini merupakan dataran tinggi. Tiket masuknya 60ribu untuk wisatawan domestik dan 100ribu untuk wisatawan asing. Tiket tersebut sudah termasuk handuk, shampoo, loker, dan soft drink.",50
"Pertama kali saya datang ke pemandian air panas ini dan sangat relax terutama Setelah seharian roadtrip. Agak sedikit mahal Rp.60rb dan terutama untuk turis asing 2,5 kali dari harga lokal. Namun dengan fasilitas yg ada Masih ok dengan harga tersebut bahkan saya menghabiskan 3 jam berendam disana. Lokasi cukup jauh dan lebih baik turun ke selatan sebelum jam 7 Karena kabutnya cukup tebal.",40
"Terkadang objek wisata di daerah perkotaan terasa bosan utk dinikmati.Cobalah datang sesekali ke batur natural hotspring...tempat pemandian air panas yg dekat dg danau batur dan gunung batur.Sambil berendam di air panas kita bsa mnikmati pemandangan alam yg mmg natural bnget.Selain rileks,kita bisa menikmati waktu lebih intens dgn keluarga,suami,istri dan anak-anak.Dgn budget gak sampai 100rb sdh bsa menikmati mandi air panas sepuasnya dan welcome drink.Setelah mandi jangan khawatir kelaparan krn ada resto yg siap melayani dgn menu-menu yg enak.Bila mau berkunjung datanglah sekitar jam 2 siang sudah ada ditempat mengingat lokasinya di kecamaran Kintamani kabupaten Bangli Bali yaitu daerah Toya Bungkah.Dijamin gak akan menyesal...,yukkk berendam yuk... :)",40
"Batur natural hotspring Salah satu tempat wisata di bali bagian utara yang terletak di kawasan kintamani/ gunung batur, wisata disini merupakan wisata air yang khusus untuk berendam air hangat, akses untuk ketempat ini cukup mudah dijangkau dengan menggunakan kendaraan pribadi sekitar 50km dr kota denpasar lebih tepat ny..Biaya masuk 60k untuk wisatawan lokal sudah termasuk handuk, loker, minuman ( juice semangka/ air mineral).Tempat nya cukup nyaman dan tenang,Hanya saja karyawan disini kurang kurang senyum jadi sedikit mengurangi kenyamanan disini.Mungkin saya akan kembali lagi kesini lain waktu..Sampai ketemu lagi BNH..... ☺️",40
"Setelah beberapa hari kami berwisata di Bali, pada ke 5 kami mengunjungi daerah danau Batur Kintamani & disebelah danau batur terdapat fasilitas pemandian kolam air panas / Batur Natural Hot Spring di tempat ini kami memanjakan diri untuk berendam & bermain di kolam air panas selama 2 jam yang membuat tubuh kami bertambah segar & tidurpun menjadi nyenyak",40
"Obyek ini terletak di daerah Kintamani, Bali. Membutuhkan waktu sekitar 3-4 jam menggunakan sepeda motor berboncengan dari daerah Kuta. Sepeda motor dapat disewa seharga 60ribu dari pagi sampai 8 malam. Jika budget mencukupi, akan lebih baik menggunakan mobil, tapi pastikan yang bawa mobil sudah lincah karena jalannya naik turun. Bawa pakaian hangat karena daerah ini merupakan dataran tinggi. Tiket masuknya 60ribu untuk wisatawan domestik dan 100ribu untuk wisatawan asing. Tiket tersebut sudah termasuk handuk, shampoo, loker, dan soft drink.",50
"Pertama kali saya datang ke pemandian air panas ini dan sangat relax terutama Setelah seharian roadtrip. Agak sedikit mahal Rp.60rb dan terutama untuk turis asing 2,5 kali dari harga lokal. Namun dengan fasilitas yg ada Masih ok dengan harga tersebut bahkan saya menghabiskan 3 jam berendam disana. Lokasi cukup jauh dan lebih baik turun ke selatan sebelum jam 7 Karena kabutnya cukup tebal.",40
"Terkadang objek wisata di daerah perkotaan terasa bosan utk dinikmati.Cobalah datang sesekali ke batur natural hotspring...tempat pemandian air panas yg dekat dg danau batur dan gunung batur.Sambil berendam di air panas kita bsa mnikmati pemandangan alam yg mmg natural bnget.Selain rileks,kita bisa menikmati waktu lebih intens dgn keluarga,suami,istri dan anak-anak.Dgn budget gak sampai 100rb sdh bsa menikmati mandi air panas sepuasnya dan welcome drink.Setelah mandi jangan khawatir kelaparan krn ada resto yg siap melayani dgn menu-menu yg enak.Bila mau berkunjung datanglah sekitar jam 2 siang sudah ada ditempat mengingat lokasinya di kecamaran Kintamani kabupaten Bangli Bali yaitu daerah Toya Bungkah.Dijamin gak akan menyesal...,yukkk berendam yuk... :)",40
