review_body,review_rating
Sungguh asri dan berbudaya seni. Saya mengagumi bagaimana mereka menjaga keaslian peninggalan zaman majapahit,pos
"Udaba sambah,tenganan festival 2018 sangat meriah,semoga banyak tamu datang mengunjungi tenganan yg unik dgn budaya tradisi perang pandan",pos
Tenganan merupakan desa yang berada di Karangasem dan merupakan penduduk asli Bali selain Trunyan. Kain tenunnya juga Bagus dan masih menggunakan pewarna alami dari akar akar pohon. Harga sangatlah sebanding dengan pembuatannya. ,pos
Perjalanan kami adalah untuk mempelajari fenomena yang ada di Desa Tenganan tersebut. Masih terjaganya rumah-rumah warga khas Daerah setempat dan aktifitas-aktifitas penduduk lokal yang masih berpegang teguh terhadap nilai budaya menjadikan destinasi yang harus dikunjungi apabila ke Bali. ,pos
Tenganan adalah salah satu desa bali aga /bali mula di bali. Lokasinya di kabupaten karangasem kecamatan manggis nyuh tebel. Dekat dari candi dasa,pos
Desa ini merupakan desa yang masih memegang adat Bali Aga. Anda hanya diminta untuk memberikan donasi sukarela ketika memasuki desa ini dan bisa menyewa guide jika dirasa perlu. ,neg
Di tempat ini kita bisa melihat bagaimana tenunan ikat khas Bali dibuat dan rumat tradisional Bali Aga. Yang paling menarik adalah rumah pertemuan yang panjang di tengah tempat ini. Para penjual tidak agresif seperti di tempat wisata lainnya jadi sangat menyenangkan berkunjung ke tempat ini.,neg
ini adalah desa yang cukup tua dengan kain Gringsing sebagai produk khasnya. Banyak produk yang dijajakan dan wisatawan harus cukup jeli untuk membedakan produk buatan setempat dan produk luar Tenganan. Cobalah untuk mendapatkan lukisan dalam media lontar yang ditawarkan sebagai oleh-oleh khas Tenganan.,pos
Sungguh asri dan berbudaya seni. Saya mengagumi bagaimana mereka menjaga keaslian peninggalan zaman majapahit,pos
"Udaba sambah,tenganan festival 2018 sangat meriah,semoga banyak tamu datang mengunjungi tenganan yg unik dgn budaya tradisi perang pandan",pos
Tenganan merupakan desa yang berada di Karangasem dan merupakan penduduk asli Bali selain Trunyan. Kain tenunnya juga Bagus dan masih menggunakan pewarna alami dari akar akar pohon. Harga sangatlah sebanding dengan pembuatannya. ,pos
Perjalanan kami adalah untuk mempelajari fenomena yang ada di Desa Tenganan tersebut. Masih terjaganya rumah-rumah warga khas Daerah setempat dan aktifitas-aktifitas penduduk lokal yang masih berpegang teguh terhadap nilai budaya menjadikan destinasi yang harus dikunjungi apabila ke Bali. ,pos
Tenganan adalah salah satu desa bali aga /bali mula di bali. Lokasinya di kabupaten karangasem kecamatan manggis nyuh tebel. Dekat dari candi dasa,pos
Desa ini merupakan desa yang masih memegang adat Bali Aga. Anda hanya diminta untuk memberikan donasi sukarela ketika memasuki desa ini dan bisa menyewa guide jika dirasa perlu. ,neg
Di tempat ini kita bisa melihat bagaimana tenunan ikat khas Bali dibuat dan rumat tradisional Bali Aga. Yang paling menarik adalah rumah pertemuan yang panjang di tengah tempat ini. Para penjual tidak agresif seperti di tempat wisata lainnya jadi sangat menyenangkan berkunjung ke tempat ini.,neg
ini adalah desa yang cukup tua dengan kain Gringsing sebagai produk khasnya. Banyak produk yang dijajakan dan wisatawan harus cukup jeli untuk membedakan produk buatan setempat dan produk luar Tenganan. Cobalah untuk mendapatkan lukisan dalam media lontar yang ditawarkan sebagai oleh-oleh khas Tenganan.,pos
